attack,base_total,capture_rate,defense,experience_growth,hp,name,pokedex_number,sp_attack,sp_defense,speed,type1,type2,generation,is_legendary,form
49,318,45,49,1059860,45,Bulbasaur,1,65,65,45,grass,poison,1,0,
62,405,45,63,1059860,60,Ivysaur,2,80,80,60,grass,poison,1,0,
82,525,45,83,1059860,80,Venusaur,3,100,100,80,grass,poison,1,0,
52,309,45,43,1059860,39,Charmander,4,60,50,65,fire,,1,0,
64,405,45,58,1059860,58,Charmeleon,5,80,65,80,fire,,1,0,
84,534,45,78,1059860,78,Charizard,6,109,85,100,fire,flying,1,0,
48,314,45,65,1059860,44,Squirtle,7,50,64,43,water,,1,0,
63,405,45,80,1059860,59,Wartortle,8,65,80,58,water,,1,0,
83,530,45,100,1059860,79,Blastoise,9,85,105,78,water,,1,0,
30,195,255,35,1000000,45,Caterpie,10,20,20,45,bug,,1,0,
20,205,120,55,1000000,50,Metapod,11,25,25,30,bug,,1,0,
45,395,45,50,1000000,60,Butterfree,12,90,80,70,bug,flying,1,0,
35,195,255,30,1000000,40,Weedle,13,20,20,50,bug,poison,1,0,
25,205,120,50,1000000,45,Kakuna,14,25,25,35,bug,poison,1,0,
90,395,45,40,1000000,65,Beedrill,15,45,80,75,bug,poison,1,0,
45,251,255,40,1059860,40,Pidgey,16,35,35,56,normal,flying,1,0,
60,349,120,55,1059860,63,Pidgeotto,17,50,50,71,normal,flying,1,0,
80,479,45,75,1059860,83,Pidgeot,18,70,70,101,normal,flying,1,0,
56,253,255,35,1000000,30,Rattata,19,25,35,72,normal,,1,0,
81,413,127,60,1000000,55,Raticate,20,50,70,97,normal,,1,0,
60,262,255,30,1000000,40,Spearow,21,31,31,70,normal,flying,1,0,
90,442,90,65,1000000,65,Fearow,22,61,61,100,normal,flying,1,0,
60,288,255,44,1000000,35,Ekans,23,40,54,55,poison,,1,0,
95,448,90,69,1000000,60,Arbok,24,65,79,80,poison,,1,0,
55,320,190,40,1000000,35,Pikachu,25,50,50,90,electric,,1,0,
90,485,75,55,1000000,60,Raichu,26,90,80,110,electric,,1,0,
75,300,255,85,1000000,50,Sandshrew,27,20,30,40,ground,,1,0,
100,450,90,110,1000000,75,Sandslash,28,45,55,65,ground,,1,0,
47,275,235,52,1059860,55,Nidoran♀,29,40,40,41,poison,,1,0,
62,365,120,67,1059860,70,Nidorina,30,55,55,56,poison,,1,0,
92,505,45,87,1059860,90,Nidoqueen,31,75,85,76,poison,ground,1,0,
57,273,235,40,1059860,46,Nidoran♂,32,40,40,50,poison,,1,0,
72,365,120,57,1059860,61,Nidorino,33,55,55,65,poison,,1,0,
102,505,45,77,1059860,81,Nidoking,34,85,75,85,poison,ground,1,0,
45,323,150,48,800000,70,Clefairy,35,60,65,35,fairy,,1,0,
70,483,25,73,800000,95,Clefable,36,95,90,60,fairy,,1,0,
41,299,190,40,1000000,38,Vulpix,37,50,65,65,fire,,1,0,
76,505,75,75,1000000,73,Ninetales,38,81,100,100,fire,,1,0,
45,270,170,20,800000,115,Jigglypuff,39,45,25,20,normal,fairy,1,0,
70,435,50,45,800000,140,Wigglytuff,40,85,50,45,normal,fairy,1,0,
45,245,255,35,1000000,40,Zubat,41,30,40,55,poison,flying,1,0,
80,455,90,70,1000000,75,Golbat,42,65,75,90,poison,flying,1,0,
50,320,255,55,1059860,45,Oddish,43,75,65,30,grass,poison,1,0,
65,395,120,70,1059860,60,Gloom,44,85,75,40,grass,poison,1,0,
80,490,45,85,1059860,75,Vileplume,45,110,90,50,grass,poison,1,0,
70,285,190,55,1000000,35,Paras,46,45,55,25,bug,grass,1,0,
95,405,75,80,1000000,60,Parasect,47,60,80,30,bug,grass,1,0,
55,305,190,50,1000000,60,Venonat,48,40,55,45,bug,poison,1,0,
65,450,75,60,1000000,70,Venomoth,49,90,75,90,bug,poison,1,0,
55,265,255,25,1000000,10,Diglett,50,35,45,95,ground,,1,0,
100,425,50,50,1000000,35,Dugtrio,51,50,70,120,ground,,1,0,
45,290,255,35,1000000,40,Meowth,52,40,40,90,normal,,1,0,
70,440,90,60,1000000,65,Persian,53,65,65,115,normal,,1,0,
52,320,190,48,1000000,50,Psyduck,54,65,50,55,water,,1,0,
82,500,75,78,1000000,80,Golduck,55,95,80,85,water,,1,0,
80,305,190,35,1000000,40,Mankey,56,35,45,70,fighting,,1,0,
105,455,75,60,1000000,65,Primeape,57,60,70,95,fighting,,1,0,
70,350,190,45,1250000,55,Growlithe,58,70,50,60,fire,,1,0,
110,555,75,80,1250000,90,Arcanine,59,100,80,95,fire,,1,0,
50,300,255,40,1059860,40,Poliwag,60,40,40,90,water,,1,0,
65,385,120,65,1059860,65,Poliwhirl,61,50,50,90,water,,1,0,
95,510,45,95,1059860,90,Poliwrath,62,70,90,70,water,fighting,1,0,
20,310,200,15,1059860,25,Abra,63,105,55,90,psychic,,1,0,
35,400,100,30,1059860,40,Kadabra,64,120,70,105,psychic,,1,0,
50,500,50,45,1059860,55,Alakazam,65,135,95,120,psychic,,1,0,
80,305,180,50,1059860,70,Machop,66,35,35,35,fighting,,1,0,
100,405,90,70,1059860,80,Machoke,67,50,60,45,fighting,,1,0,
130,505,45,80,1059860,90,Machamp,68,65,85,55,fighting,,1,0,
75,300,255,35,1059860,50,Bellsprout,69,70,30,40,grass,poison,1,0,
90,390,120,50,1059860,65,Weepinbell,70,85,45,55,grass,poison,1,0,
105,490,45,65,1059860,80,Victreebel,71,100,70,70,grass,poison,1,0,
40,335,190,35,1250000,40,Tentacool,72,50,100,70,water,poison,1,0,
70,515,60,65,1250000,80,Tentacruel,73,80,120,100,water,poison,1,0,
80,300,255,100,1059860,40,Geodude,74,30,30,20,rock,ground,1,0,
95,390,120,115,1059860,55,Graveler,75,45,45,35,rock,ground,1,0,
120,495,45,130,1059860,80,Golem,76,55,65,45,rock,ground,1,0,
85,410,190,55,1000000,50,Ponyta,77,65,65,90,fire,,1,0,
100,500,60,70,1000000,65,Rapidash,78,80,80,105,fire,,1,0,
65,315,190,65,1000000,90,Slowpoke,79,40,40,15,water,psychic,1,0,
75,490,75,110,1000000,95,Slowbro,80,100,80,30,water,psychic,1,0,
35,325,190,70,1000000,25,Magnemite,81,95,55,45,electric,steel,1,0,
60,465,60,95,1000000,50,Magneton,82,120,70,70,electric,steel,1,0,
90,377,45,55,1000000,52,Farfetch'd,83,58,62,60,normal,flying,1,0,
85,310,190,45,1000000,35,Doduo,84,35,35,75,normal,flying,1,0,
110,470,45,70,1000000,60,Dodrio,85,60,60,110,normal,flying,1,0,
45,325,190,55,1000000,65,Seel,86,45,70,45,water,,1,0,
70,475,75,80,1000000,90,Dewgong,87,70,95,70,water,ice,1,0,
80,325,190,50,1000000,80,Grimer,88,40,50,25,poison,,1,0,
105,500,75,75,1000000,105,Muk,89,65,100,50,poison,,1,0,
65,305,190,100,1250000,30,Shellder,90,45,25,40,water,,1,0,
95,525,60,180,1250000,50,Cloyster,91,85,45,70,water,ice,1,0,
35,310,190,30,1059860,30,Gastly,92,100,35,80,ghost,poison,1,0,
50,405,90,45,1059860,45,Haunter,93,115,55,95,ghost,poison,1,0,
65,500,45,60,1059860,60,Gengar,94,130,75,110,ghost,poison,1,0,
45,385,45,160,1000000,35,Onix,95,30,45,70,rock,ground,1,0,
48,328,190,45,1000000,60,Drowzee,96,43,90,42,psychic,,1,0,
73,483,75,70,1000000,85,Hypno,97,73,115,67,psychic,,1,0,
105,325,225,90,1000000,30,Krabby,98,25,25,50,water,,1,0,
130,475,60,115,1000000,55,Kingler,99,50,50,75,water,,1,0,
30,330,190,50,1000000,40,Voltorb,100,55,55,100,electric,,1,0,
50,490,60,70,1000000,60,Electrode,101,80,80,150,electric,,1,0,
40,325,90,80,1250000,60,Exeggcute,102,60,45,40,grass,psychic,1,0,
95,530,45,85,1250000,95,Exeggutor,103,125,75,55,grass,psychic,1,0,
50,320,190,95,1000000,50,Cubone,104,40,50,35,ground,,1,0,
80,425,75,110,1000000,60,Marowak,105,50,80,45,ground,,1,0,
120,455,45,53,1000000,50,Hitmonlee,106,35,110,87,fighting,,1,0,
105,455,45,79,1000000,50,Hitmonchan,107,35,110,76,fighting,,1,0,
55,385,45,75,1000000,90,Lickitung,108,60,75,30,normal,,1,0,
65,340,190,95,1000000,40,Koffing,109,60,45,35,poison,,1,0,
90,490,60,120,1000000,65,Weezing,110,85,70,60,poison,,1,0,
85,345,120,95,1250000,80,Rhyhorn,111,30,30,25,ground,rock,1,0,
130,485,60,120,1250000,105,Rhydon,112,45,45,40,ground,rock,1,0,
5,450,30,5,800000,250,Chansey,113,35,105,50,normal,,1,0,
55,435,45,115,1000000,65,Tangela,114,100,40,60,grass,,1,0,
95,490,45,80,1000000,105,Kangaskhan,115,40,80,90,normal,,1,0,
40,295,225,70,1000000,30,Horsea,116,70,25,60,water,,1,0,
65,440,75,95,1000000,55,Seadra,117,95,45,85,water,,1,0,
67,320,225,60,1000000,45,Goldeen,118,35,50,63,water,,1,0,
92,450,60,65,1000000,80,Seaking,119,65,80,68,water,,1,0,
45,340,225,55,1250000,30,Staryu,120,70,55,85,water,,1,0,
75,520,60,85,1250000,60,Starmie,121,100,85,115,water,psychic,1,0,
45,460,45,65,1000000,40,Mr. Mime,122,100,120,90,psychic,fairy,1,0,
110,500,45,80,1000000,70,Scyther,123,55,80,105,bug,flying,1,0,
50,455,45,35,1000000,65,Jynx,124,115,95,95,ice,psychic,1,0,
83,490,45,57,1000000,65,Electabuzz,125,95,85,105,electric,,1,0,
95,495,45,57,1000000,65,Magmar,126,100,85,93,fire,,1,0,
125,500,45,100,1250000,65,Pinsir,127,55,70,85,bug,,1,0,
100,490,45,95,1250000,75,Tauros,128,40,70,110,normal,,1,0,
10,200,255,55,1250000,20,Magikarp,129,15,20,80,water,,1,0,
125,540,45,79,1250000,95,Gyarados,130,60,100,81,water,flying,1,0,
85,535,45,80,1250000,130,Lapras,131,85,95,60,water,ice,1,0,
48,288,35,48,1000000,48,Ditto,132,48,48,48,normal,,1,0,
55,325,45,50,1000000,55,Eevee,133,45,65,55,normal,,1,0,
65,525,45,60,1000000,130,Vaporeon,134,110,95,65,water,,1,0,
65,525,45,60,1000000,65,Jolteon,135,110,95,130,electric,,1,0,
130,525,45,60,1000000,65,Flareon,136,95,110,65,fire,,1,0,
60,395,45,70,1000000,65,Porygon,137,85,75,40,normal,,1,0,
40,355,45,100,1000000,35,Omanyte,138,90,55,35,rock,water,1,0,
60,495,45,125,1000000,70,Omastar,139,115,70,55,rock,water,1,0,
80,355,45,90,1000000,30,Kabuto,140,55,45,55,rock,water,1,0,
115,495,45,105,1000000,60,Kabutops,141,65,70,80,rock,water,1,0,
105,515,45,65,1250000,80,Aerodactyl,142,60,75,130,rock,flying,1,0,
110,540,25,65,1250000,160,Snorlax,143,65,110,30,normal,,1,0,
85,580,3,100,1250000,90,Articuno,144,95,125,85,ice,flying,1,1,
90,580,3,85,1250000,90,Zapdos,145,125,90,100,electric,flying,1,1,
100,580,3,90,1250000,90,Moltres,146,125,85,90,fire,flying,1,1,
64,300,45,45,1250000,41,Dratini,147,50,50,50,dragon,,1,0,
84,420,45,65,1250000,61,Dragonair,148,70,70,70,dragon,,1,0,
134,600,45,95,1250000,91,Dragonite,149,100,100,80,dragon,flying,1,0,
110,680,3,90,1250000,106,Mewtwo,150,154,90,130,psychic,,1,1,
100,600,45,100,1059860,100,Mew,151,100,100,100,psychic,,1,0,
49,318,45,65,1059860,45,Chikorita,152,49,65,45,grass,,2,0,
62,405,45,80,1059860,60,Bayleef,153,63,80,60,grass,,2,0,
82,525,45,100,1059860,80,Meganium,154,83,100,80,grass,,2,0,
52,309,45,43,1059860,39,Cyndaquil,155,60,50,65,fire,,2,0,
64,405,45,58,1059860,58,Quilava,156,80,65,80,fire,,2,0,
84,534,45,78,1059860,78,Typhlosion,157,109,85,100,fire,,2,0,
65,314,45,64,1059860,50,Totodile,158,44,48,43,water,,2,0,
80,405,45,80,1059860,65,Croconaw,159,59,63,58,water,,2,0,
105,530,45,100,1059860,85,Feraligatr,160,79,83,78,water,,2,0,
46,215,255,34,1000000,35,Sentret,161,35,45,20,normal,,2,0,
76,415,90,64,1000000,85,Furret,162,45,55,90,normal,,2,0,
30,262,255,30,1000000,60,Hoothoot,163,36,56,50,normal,flying,2,0,
50,452,90,50,1000000,100,Noctowl,164,86,96,70,normal,flying,2,0,
20,265,255,30,800000,40,Ledyba,165,40,80,55,bug,flying,2,0,
35,390,90,50,800000,55,Ledian,166,55,110,85,bug,flying,2,0,
60,250,255,40,800000,40,Spinarak,167,40,40,30,bug,poison,2,0,
90,400,90,70,800000,70,Ariados,168,60,70,40,bug,poison,2,0,
90,535,90,80,1000000,85,Crobat,169,70,80,130,poison,flying,2,0,
38,330,190,38,1250000,75,Chinchou,170,56,56,67,water,electric,2,0,
58,460,75,58,1250000,125,Lanturn,171,76,76,67,water,electric,2,0,
40,205,190,15,1000000,20,Pichu,172,35,35,60,electric,,2,0,
25,218,150,28,800000,50,Cleffa,173,45,55,15,fairy,,2,0,
30,210,170,15,800000,90,Igglybuff,174,40,20,15,normal,fairy,2,0,
20,245,190,65,800000,35,Togepi,175,40,65,20,fairy,,2,0,
40,405,75,85,800000,55,Togetic,176,80,105,40,fairy,flying,2,0,
50,320,190,45,1000000,40,Natu,177,70,45,70,psychic,flying,2,0,
75,470,75,70,1000000,65,Xatu,178,95,70,95,psychic,flying,2,0,
40,280,235,40,1059860,55,Mareep,179,65,45,35,electric,,2,0,
55,365,120,55,1059860,70,Flaaffy,180,80,60,45,electric,,2,0,
75,510,45,85,1059860,90,Ampharos,181,115,90,55,electric,,2,0,
80,490,45,95,1059860,75,Bellossom,182,90,100,50,grass,,2,0,
20,250,190,50,800000,70,Marill,183,20,50,40,water,fairy,2,0,
50,420,75,80,800000,100,Azumarill,184,60,80,50,water,fairy,2,0,
100,410,65,115,1000000,70,Sudowoodo,185,30,65,30,rock,,2,0,
75,500,45,75,1059860,90,Politoed,186,90,100,70,water,,2,0,
35,250,255,40,1059860,35,Hoppip,187,35,55,50,grass,flying,2,0,
45,340,120,50,1059860,55,Skiploom,188,45,65,80,grass,flying,2,0,
55,460,45,70,1059860,75,Jumpluff,189,55,95,110,grass,flying,2,0,
70,360,45,55,800000,55,Aipom,190,40,55,85,normal,,2,0,
30,180,235,30,1059860,30,Sunkern,191,30,30,30,grass,,2,0,
75,425,120,55,1059860,75,Sunflora,192,105,85,30,grass,,2,0,
65,390,75,45,1000000,65,Yanma,193,75,45,95,bug,flying,2,0,
45,210,255,45,1000000,55,Wooper,194,25,25,15,water,ground,2,0,
85,430,90,85,1000000,95,Quagsire,195,65,65,35,water,ground,2,0,
65,525,45,60,1000000,65,Espeon,196,130,95,110,psychic,,2,0,
65,525,45,110,1000000,95,Umbreon,197,60,130,65,dark,,2,0,
85,405,30,42,1059860,60,Murkrow,198,85,42,91,dark,flying,2,0,
75,490,70,80,1000000,95,Slowking,199,100,110,30,water,psychic,2,0,
60,435,45,60,800000,60,Misdreavus,200,85,85,85,ghost,,2,0,
72,336,225,48,1000000,48,Unown,201,72,48,48,psychic,,2,0,
33,405,45,58,1000000,190,Wobbuffet,202,33,58,33,psychic,,2,0,
80,455,60,65,1000000,70,Girafarig,203,90,65,85,normal,psychic,2,0,
65,290,190,90,1000000,50,Pineco,204,35,35,15,bug,,2,0,
90,465,75,140,1000000,75,Forretress,205,60,60,40,bug,steel,2,0,
70,415,190,70,1000000,100,Dunsparce,206,65,65,45,normal,,2,0,
75,430,60,105,1059860,65,Gligar,207,35,65,85,ground,flying,2,0,
85,510,25,200,1000000,75,Steelix,208,55,65,30,steel,ground,2,0,
80,300,190,50,800000,60,Snubbull,209,40,40,30,fairy,,2,0,
120,450,75,75,800000,90,Granbull,210,60,60,45,fairy,,2,0,
95,440,45,85,1000000,65,Qwilfish,211,55,55,85,water,poison,2,0,
130,500,25,100,1000000,70,Scizor,212,55,80,65,bug,steel,2,0,
10,505,190,230,1059860,20,Shuckle,213,10,230,5,bug,rock,2,0,
125,500,45,75,1250000,80,Heracross,214,40,95,85,bug,fighting,2,0,
95,430,60,55,1059860,55,Sneasel,215,35,75,115,dark,ice,2,0,
80,330,120,50,1000000,60,Teddiursa,216,50,50,40,normal,,2,0,
130,500,60,75,1000000,90,Ursaring,217,75,75,55,normal,,2,0,
40,250,190,40,1000000,40,Slugma,218,70,40,20,fire,,2,0,
50,430,75,120,1000000,60,Magcargo,219,90,80,30,fire,rock,2,0,
50,250,225,40,1250000,50,Swinub,220,30,30,50,ice,ground,2,0,
100,450,75,80,1250000,100,Piloswine,221,60,60,50,ice,ground,2,0,
55,410,60,95,800000,65,Corsola,222,65,95,35,water,rock,2,0,
65,300,190,35,1000000,35,Remoraid,223,65,35,65,water,,2,0,
105,480,75,75,1000000,75,Octillery,224,105,75,45,water,,2,0,
55,330,45,45,800000,45,Delibird,225,65,45,75,ice,flying,2,0,
40,485,25,70,1250000,85,Mantine,226,80,140,70,water,flying,2,0,
80,465,25,140,1250000,65,Skarmory,227,40,70,70,steel,flying,2,0,
60,330,120,30,1250000,45,Houndour,228,80,50,65,dark,fire,2,0,
90,500,45,50,1250000,75,Houndoom,229,110,80,95,dark,fire,2,0,
95,540,45,95,1000000,75,Kingdra,230,95,95,85,water,dragon,2,0,
60,330,120,60,1000000,90,Phanpy,231,40,40,40,ground,,2,0,
120,500,60,120,1000000,90,Donphan,232,60,60,50,ground,,2,0,
80,515,45,90,1000000,85,Porygon2,233,105,95,60,normal,,2,0,
95,465,45,62,1250000,73,Stantler,234,85,65,85,normal,,2,0,
20,250,45,35,800000,55,Smeargle,235,20,45,75,normal,,2,0,
35,210,75,35,1000000,35,Tyrogue,236,35,35,35,fighting,,2,0,
95,455,45,95,1000000,50,Hitmontop,237,35,110,70,fighting,,2,0,
30,305,45,15,1000000,45,Smoochum,238,85,65,65,ice,psychic,2,0,
63,360,45,37,1000000,45,Elekid,239,65,55,95,electric,,2,0,
75,365,45,37,1000000,45,Magby,240,70,55,83,fire,,2,0,
80,490,45,105,1250000,95,Miltank,241,40,70,100,normal,,2,0,
10,540,30,10,800000,255,Blissey,242,75,135,55,normal,,2,0,
85,580,3,75,1250000,90,Raikou,243,115,100,115,electric,,2,1,
115,580,3,85,1250000,115,Entei,244,90,75,100,fire,,2,1,
75,580,3,115,1250000,100,Suicune,245,90,115,85,water,,2,1,
64,300,45,50,1250000,50,Larvitar,246,45,50,41,rock,ground,2,0,
84,410,45,70,1250000,70,Pupitar,247,65,70,51,rock,ground,2,0,
134,600,45,110,1250000,100,Tyranitar,248,95,100,61,rock,dark,2,0,
90,680,3,130,1250000,106,Lugia,249,90,154,110,psychic,flying,2,1,
130,680,3,90,1250000,106,Ho-Oh,250,110,154,90,fire,flying,2,1,
100,600,45,100,1059860,100,Celebi,251,100,100,100,psychic,grass,2,0,
45,310,45,35,1059860,40,Treecko,252,65,55,70,grass,,3,0,
65,405,45,45,1059860,50,Grovyle,253,85,65,95,grass,,3,0,
85,530,45,65,1059860,70,Sceptile,254,105,85,120,grass,,3,0,
60,310,45,40,1059860,45,Torchic,255,70,50,45,fire,,3,0,
85,405,45,60,1059860,60,Combusken,256,85,60,55,fire,fighting,3,0,
120,530,45,70,1059860,80,Blaziken,257,110,70,80,fire,fighting,3,0,
70,310,45,50,1059860,50,Mudkip,258,50,50,40,water,,3,0,
85,405,45,70,1059860,70,Marshtomp,259,60,70,50,water,ground,3,0,
110,535,45,90,1059860,100,Swampert,260,85,90,60,water,ground,3,0,
55,220,255,35,1000000,35,Poochyena,261,30,30,35,dark,,3,0,
90,420,127,70,1000000,70,Mightyena,262,60,60,70,dark,,3,0,
30,240,255,41,1000000,38,Zigzagoon,263,30,41,60,normal,,3,0,
70,420,90,61,1000000,78,Linoone,264,50,61,100,normal,,3,0,
45,195,255,35,1000000,45,Wurmple,265,20,30,20,bug,,3,0,
35,205,120,55,1000000,50,Silcoon,266,25,25,15,bug,,3,0,
70,395,45,50,1000000,60,Beautifly,267,100,50,65,bug,flying,3,0,
35,205,120,55,1000000,50,Cascoon,268,25,25,15,bug,,3,0,
50,385,45,70,1000000,60,Dustox,269,50,90,65,bug,poison,3,0,
30,220,255,30,1059860,40,Lotad,270,40,50,30,water,grass,3,0,
50,340,120,50,1059860,60,Lombre,271,60,70,50,water,grass,3,0,
70,480,45,70,1059860,80,Ludicolo,272,90,100,70,water,grass,3,0,
40,220,255,50,1059860,40,Seedot,273,30,30,30,grass,,3,0,
70,340,120,40,1059860,70,Nuzleaf,274,60,40,60,grass,dark,3,0,
100,480,45,60,1059860,90,Shiftry,275,90,60,80,grass,dark,3,0,
55,270,200,30,1059860,40,Taillow,276,30,30,85,normal,flying,3,0,
85,455,45,60,1059860,60,Swellow,277,75,50,125,normal,flying,3,0,
30,270,190,30,1000000,40,Wingull,278,55,30,85,water,flying,3,0,
50,440,45,100,1000000,60,Pelipper,279,95,70,65,water,flying,3,0,
25,198,235,25,1250000,28,Ralts,280,45,35,40,psychic,fairy,3,0,
35,278,120,35,1250000,38,Kirlia,281,65,55,50,psychic,fairy,3,0,
65,518,45,65,1250000,68,Gardevoir,282,125,115,80,psychic,fairy,3,0,
30,269,200,32,1000000,40,Surskit,283,50,52,65,bug,water,3,0,
60,454,75,62,1000000,70,Masquerain,284,100,82,80,bug,flying,3,0,
40,295,255,60,1640000,60,Shroomish,285,40,60,35,grass,,3,0,
130,460,90,80,1640000,60,Breloom,286,60,60,70,grass,fighting,3,0,
60,280,255,60,1250000,60,Slakoth,287,35,35,30,normal,,3,0,
80,440,120,80,1250000,80,Vigoroth,288,55,55,90,normal,,3,0,
160,670,45,100,1250000,150,Slaking,289,95,65,100,normal,,3,0,
45,266,255,90,600000,31,Nincada,290,30,30,40,bug,ground,3,0,
90,456,120,45,600000,61,Ninjask,291,50,50,160,bug,flying,3,0,
90,236,45,45,600000,1,Shedinja,292,30,30,40,bug,ghost,3,0,
51,240,190,23,1059860,64,Whismur,293,51,23,28,normal,,3,0,
71,360,120,43,1059860,84,Loudred,294,71,43,48,normal,,3,0,
91,490,45,63,1059860,104,Exploud,295,91,73,68,normal,,3,0,
60,237,180,30,1640000,72,Makuhita,296,20,30,25,fighting,,3,0,
120,474,200,60,1640000,144,Hariyama,297,40,60,50,fighting,,3,0,
20,190,150,40,800000,50,Azurill,298,20,40,20,normal,fairy,3,0,
45,375,255,135,1000000,30,Nosepass,299,45,90,30,rock,,3,0,
45,260,255,45,800000,50,Skitty,300,35,35,50,normal,,3,0,
65,400,60,65,800000,70,Delcatty,301,55,55,90,normal,,3,0,
75,380,45,75,1059860,50,Sableye,302,65,65,50,dark,ghost,3,0,
85,380,45,85,800000,50,Mawile,303,55,55,50,steel,fairy,3,0,
70,330,180,100,1250000,50,Aron,304,40,40,30,steel,rock,3,0,
90,430,90,140,1250000,60,Lairon,305,50,50,40,steel,rock,3,0,
110,530,45,180,1250000,70,Aggron,306,60,60,50,steel,rock,3,0,
40,280,180,55,1000000,30,Meditite,307,40,55,60,fighting,psychic,3,0,
60,410,90,75,1000000,60,Medicham,308,60,75,80,fighting,psychic,3,0,
45,295,120,40,1250000,40,Electrike,309,65,40,65,electric,,3,0,
75,475,45,60,1250000,70,Manectric,310,105,60,105,electric,,3,0,
50,405,200,40,1000000,60,Plusle,311,85,75,95,electric,,3,0,
40,405,200,50,1000000,60,Minun,312,75,85,95,electric,,3,0,
73,430,150,75,600000,65,Volbeat,313,47,85,85,bug,,3,0,
47,430,150,75,1640000,65,Illumise,314,73,85,85,bug,,3,0,
60,400,150,45,1059860,50,Roselia,315,100,80,65,grass,poison,3,0,
43,302,225,53,1640000,70,Gulpin,316,43,53,40,poison,,3,0,
73,467,75,83,1640000,100,Swalot,317,73,83,55,poison,,3,0,
90,305,225,20,1250000,45,Carvanha,318,65,20,65,water,dark,3,0,
120,460,60,40,1250000,70,Sharpedo,319,95,40,95,water,dark,3,0,
70,400,125,35,1640000,130,Wailmer,320,70,35,60,water,,3,0,
90,500,60,45,1640000,170,Wailord,321,90,45,60,water,,3,0,
60,305,255,40,1000000,60,Numel,322,65,45,35,fire,ground,3,0,
100,460,150,70,1000000,70,Camerupt,323,105,75,40,fire,ground,3,0,
85,470,90,140,1000000,70,Torkoal,324,85,70,20,fire,,3,0,
25,330,255,35,800000,60,Spoink,325,70,80,60,psychic,,3,0,
45,470,60,65,800000,80,Grumpig,326,90,110,80,psychic,,3,0,
60,360,255,60,800000,60,Spinda,327,60,60,60,normal,,3,0,
100,290,255,45,1059860,45,Trapinch,328,45,45,10,ground,,3,0,
70,340,120,50,1059860,50,Vibrava,329,50,50,70,ground,dragon,3,0,
100,520,45,80,1059860,80,Flygon,330,80,80,100,ground,dragon,3,0,
85,335,190,40,1059860,50,Cacnea,331,85,40,35,grass,,3,0,
115,475,60,60,1059860,70,Cacturne,332,115,60,55,grass,dark,3,0,
40,310,255,60,600000,45,Swablu,333,40,75,50,normal,flying,3,0,
70,490,45,90,600000,75,Altaria,334,70,105,80,dragon,flying,3,0,
115,458,90,60,600000,73,Zangoose,335,60,60,90,normal,,3,0,
100,458,90,60,1640000,73,Seviper,336,100,60,65,poison,,3,0,
55,460,45,65,800000,90,Lunatone,337,95,85,70,rock,psychic,3,0,
95,460,45,85,800000,90,Solrock,338,55,65,70,rock,psychic,3,0,
48,288,190,43,1000000,50,Barboach,339,46,41,60,water,ground,3,0,
78,468,75,73,1000000,110,Whiscash,340,76,71,60,water,ground,3,0,
80,308,205,65,1640000,43,Corphish,341,50,35,35,water,,3,0,
120,468,155,85,1640000,63,Crawdaunt,342,90,55,55,water,dark,3,0,
40,300,255,55,1000000,40,Baltoy,343,40,70,55,ground,psychic,3,0,
70,500,90,105,1000000,60,Claydol,344,70,120,75,ground,psychic,3,0,
41,355,45,77,600000,66,Lileep,345,61,87,23,rock,grass,3,0,
81,495,45,97,600000,86,Cradily,346,81,107,43,rock,grass,3,0,
95,355,45,50,600000,45,Anorith,347,40,50,75,rock,bug,3,0,
125,495,45,100,600000,75,Armaldo,348,70,80,45,rock,bug,3,0,
15,200,255,20,600000,20,Feebas,349,10,55,80,water,,3,0,
60,540,60,79,600000,95,Milotic,350,100,125,81,water,,3,0,
70,420,45,70,1000000,70,Castform,351,70,70,70,normal,,3,0,
90,440,200,70,1059860,60,Kecleon,352,60,120,40,normal,,3,0,
75,295,225,35,800000,44,Shuppet,353,63,33,45,ghost,,3,0,
115,455,45,65,800000,64,Banette,354,83,63,65,ghost,,3,0,
40,295,190,90,800000,20,Duskull,355,30,90,25,ghost,,3,0,
70,455,90,130,800000,40,Dusclops,356,60,130,25,ghost,,3,0,
68,460,200,83,1250000,99,Tropius,357,72,87,51,grass,flying,3,0,
50,455,45,80,800000,75,Chimecho,358,95,90,65,psychic,,3,0,
130,465,30,60,1059860,65,Absol,359,75,60,75,dark,,3,0,
23,260,125,48,1000000,95,Wynaut,360,23,48,23,psychic,,3,0,
50,300,190,50,1000000,50,Snorunt,361,50,50,50,ice,,3,0,
80,480,75,80,1000000,80,Glalie,362,80,80,80,ice,,3,0,
40,290,255,50,1059860,70,Spheal,363,55,50,25,ice,water,3,0,
60,410,120,70,1059860,90,Sealeo,364,75,70,45,ice,water,3,0,
80,530,45,90,1059860,110,Walrein,365,95,90,65,ice,water,3,0,
64,345,255,85,600000,35,Clamperl,366,74,55,32,water,,3,0,
104,485,60,105,600000,55,Huntail,367,94,75,52,water,,3,0,
84,485,60,105,600000,55,Gorebyss,368,114,75,52,water,,3,0,
90,485,25,130,1250000,100,Relicanth,369,45,65,55,water,rock,3,0,
30,330,225,55,800000,43,Luvdisc,370,40,65,97,water,,3,0,
75,300,45,60,1250000,45,Bagon,371,40,30,50,dragon,,3,0,
95,420,45,100,1250000,65,Shelgon,372,60,50,50,dragon,,3,0,
135,600,45,80,1250000,95,Salamence,373,110,80,100,dragon,flying,3,0,
55,300,3,80,1250000,40,Beldum,374,35,60,30,steel,psychic,3,0,
75,420,3,100,1250000,60,Metang,375,55,80,50,steel,psychic,3,0,
135,600,3,130,1250000,80,Metagross,376,95,90,70,steel,psychic,3,0,
100,580,3,200,1250000,80,Regirock,377,50,100,50,rock,,3,1,
50,580,3,100,1250000,80,Regice,378,100,200,50,ice,,3,1,
75,580,3,150,1250000,80,Registeel,379,75,150,50,steel,,3,1,
80,600,3,90,1250000,80,Latias,380,110,130,110,dragon,psychic,3,1,
90,600,3,80,1250000,80,Latios,381,130,110,110,dragon,psychic,3,1,
100,670,3,90,1250000,100,Kyogre,382,150,140,90,water,,3,1,
150,670,3,140,1250000,100,Groudon,383,100,90,90,ground,,3,1,
150,680,45,90,1250000,105,Rayquaza,384,150,90,95,dragon,flying,3,1,
100,600,3,100,1250000,100,Jirachi,385,100,100,100,steel,psychic,3,0,
150,600,3,50,1250000,50,Deoxys,386,150,50,150,psychic,,3,0,
68,318,45,64,1059860,55,Turtwig,387,45,55,31,grass,,4,0,
89,405,45,85,1059860,75,Grotle,388,55,65,36,grass,,4,0,
109,525,45,105,1059860,95,Torterra,389,75,85,56,grass,ground,4,0,
58,309,45,44,1059860,44,Chimchar,390,58,44,61,fire,,4,0,
78,405,45,52,1059860,64,Monferno,391,78,52,81,fire,fighting,4,0,
104,534,45,71,1059860,76,Infernape,392,104,71,108,fire,fighting,4,0,
51,314,45,53,1059860,53,Piplup,393,61,56,40,water,,4,0,
66,405,45,68,1059860,64,Prinplup,394,81,76,50,water,,4,0,
86,530,45,88,1059860,84,Empoleon,395,111,101,60,water,steel,4,0,
55,245,255,30,1059860,40,Starly,396,30,30,60,normal,flying,4,0,
75,340,120,50,1059860,55,Staravia,397,40,40,80,normal,flying,4,0,
120,485,45,70,1059860,85,Staraptor,398,50,60,100,normal,flying,4,0,
45,250,255,40,1000000,59,Bidoof,399,35,40,31,normal,,4,0,
85,410,127,60,1000000,79,Bibarel,400,55,60,71,normal,water,4,0,
25,194,255,41,1059860,37,Kricketot,401,25,41,25,bug,,4,0,
85,384,45,51,1059860,77,Kricketune,402,55,51,65,bug,,4,0,
65,263,235,34,1059860,45,Shinx,403,40,34,45,electric,,4,0,
85,363,120,49,1059860,60,Luxio,404,60,49,60,electric,,4,0,
120,523,45,79,1059860,80,Luxray,405,95,79,70,electric,,4,0,
30,280,255,35,1059860,40,Budew,406,50,70,55,grass,poison,4,0,
70,515,75,65,1059860,60,Roserade,407,125,105,90,grass,poison,4,0,
125,350,45,40,600000,67,Cranidos,408,30,30,58,rock,,4,0,
165,495,45,60,600000,97,Rampardos,409,65,50,58,rock,,4,0,
42,350,45,118,600000,30,Shieldon,410,42,88,30,rock,steel,4,0,
52,495,45,168,600000,60,Bastiodon,411,47,138,30,rock,steel,4,0,
29,224,120,45,1000000,40,Burmy,412,29,45,36,bug,,4,0,
59,424,45,85,1000000,60,Wormadam,413,79,105,36,bug,grass,4,0,
94,424,45,50,1000000,70,Mothim,414,94,50,66,bug,flying,4,0,
30,244,120,42,1059860,30,Combee,415,30,42,70,bug,flying,4,0,
80,474,45,102,1059860,70,Vespiquen,416,80,102,40,bug,flying,4,0,
45,405,200,70,1000000,60,Pachirisu,417,45,90,95,electric,,4,0,
65,330,190,35,1000000,55,Buizel,418,60,30,85,water,,4,0,
105,495,75,55,1000000,85,Floatzel,419,85,50,115,water,,4,0,
35,275,190,45,1000000,45,Cherubi,420,62,53,35,grass,,4,0,
60,450,75,70,1000000,70,Cherrim,421,87,78,85,grass,,4,0,
48,325,190,48,1000000,76,Shellos,422,57,62,34,water,,4,0,
83,475,75,68,1000000,111,Gastrodon,423,92,82,39,water,ground,4,0,
100,482,45,66,800000,75,Ambipom,424,60,66,115,normal,,4,0,
50,348,125,34,1640000,90,Drifloon,425,60,44,70,ghost,flying,4,0,
80,498,60,44,1640000,150,Drifblim,426,90,54,80,ghost,flying,4,0,
66,350,190,44,1000000,55,Buneary,427,44,56,85,normal,,4,0,
76,480,60,84,1000000,65,Lopunny,428,54,96,105,normal,,4,0,
60,495,45,60,800000,60,Mismagius,429,105,105,105,ghost,,4,0,
125,505,30,52,1059860,100,Honchkrow,430,105,52,71,dark,flying,4,0,
55,310,190,42,800000,49,Glameow,431,42,37,85,normal,,4,0,
82,452,75,64,800000,71,Purugly,432,64,59,112,normal,,4,0,
30,285,120,50,800000,45,Chingling,433,65,50,45,psychic,,4,0,
63,329,225,47,1000000,63,Stunky,434,41,41,74,poison,dark,4,0,
93,479,60,67,1000000,103,Skuntank,435,71,61,84,poison,dark,4,0,
24,300,255,86,1000000,57,Bronzor,436,24,86,23,steel,psychic,4,0,
89,500,90,116,1000000,67,Bronzong,437,79,116,33,steel,psychic,4,0,
80,290,255,95,1000000,50,Bonsly,438,10,45,10,rock,,4,0,
25,310,145,45,1000000,20,Mime Jr.,439,70,90,60,psychic,fairy,4,0,
5,220,130,5,800000,100,Happiny,440,15,65,30,normal,,4,0,
65,411,30,45,1059860,76,Chatot,441,92,42,91,normal,flying,4,0,
92,485,100,108,1000000,50,Spiritomb,442,92,108,35,ghost,dark,4,0,
70,300,45,45,1250000,58,Gible,443,40,45,42,dragon,ground,4,0,
90,410,45,65,1250000,68,Gabite,444,50,55,82,dragon,ground,4,0,
130,600,45,95,1250000,108,Garchomp,445,80,85,102,dragon,ground,4,0,
85,390,50,40,1250000,135,Munchlax,446,40,85,5,normal,,4,0,
70,285,75,40,1059860,40,Riolu,447,35,40,60,fighting,,4,0,
110,525,45,70,1059860,70,Lucario,448,115,70,90,fighting,steel,4,0,
72,330,140,78,1250000,68,Hippopotas,449,38,42,32,ground,,4,0,
112,525,60,118,1250000,108,Hippowdon,450,68,72,47,ground,,4,0,
50,330,120,90,1250000,40,Skorupi,451,30,55,65,poison,bug,4,0,
90,500,45,110,1250000,70,Drapion,452,60,75,95,poison,dark,4,0,
61,300,140,40,1000000,48,Croagunk,453,61,40,50,poison,fighting,4,0,
106,490,75,65,1000000,83,Toxicroak,454,86,65,85,poison,fighting,4,0,
100,454,200,72,1250000,74,Carnivine,455,90,72,46,grass,,4,0,
49,330,190,56,600000,49,Finneon,456,49,61,66,water,,4,0,
69,460,75,76,600000,69,Lumineon,457,69,86,91,water,,4,0,
20,345,25,50,1250000,45,Mantyke,458,60,120,50,water,flying,4,0,
62,334,120,50,1250000,60,Snover,459,62,60,40,grass,ice,4,0,
92,494,60,75,1250000,90,Abomasnow,460,92,85,60,grass,ice,4,0,
120,510,45,65,1059860,70,Weavile,461,45,85,125,dark,ice,4,0,
70,535,30,115,1000000,70,Magnezone,462,130,90,60,electric,steel,4,0,
85,515,30,95,1000000,110,Lickilicky,463,80,95,50,normal,,4,0,
140,535,30,130,1250000,115,Rhyperior,464,55,55,40,ground,rock,4,0,
100,535,30,125,1000000,100,Tangrowth,465,110,50,50,grass,,4,0,
123,540,30,67,1000000,75,Electivire,466,95,85,95,electric,,4,0,
95,540,30,67,1000000,75,Magmortar,467,125,95,83,fire,,4,0,
50,545,30,95,800000,85,Togekiss,468,120,115,80,fairy,flying,4,0,
76,515,30,86,1000000,86,Yanmega,469,116,56,95,bug,flying,4,0,
110,525,45,130,1000000,65,Leafeon,470,60,65,95,grass,,4,0,
60,525,45,110,1000000,65,Glaceon,471,130,95,65,ice,,4,0,
95,510,30,125,1059860,75,Gliscor,472,45,75,95,ground,flying,4,0,
130,530,50,80,1250000,110,Mamoswine,473,70,60,80,ice,ground,4,0,
80,535,30,70,1000000,85,Porygon-Z,474,135,75,90,normal,,4,0,
125,518,45,65,1250000,68,Gallade,475,65,115,80,psychic,fighting,4,0,
55,525,60,145,1000000,60,Probopass,476,75,150,40,rock,steel,4,0,
100,525,45,135,800000,45,Dusknoir,477,65,135,45,ghost,,4,0,
80,480,75,70,1000000,70,Froslass,478,80,70,110,ice,ghost,4,0,
50,440,45,77,1000000,50,Rotom,479,95,77,91,electric,ghost,4,0,
75,580,3,130,1250000,75,Uxie,480,75,130,95,psychic,,4,1,
105,580,3,105,1250000,80,Mesprit,481,105,105,80,psychic,,4,1,
125,580,3,70,1250000,75,Azelf,482,125,70,115,psychic,,4,1,
120,680,3,120,1250000,100,Dialga,483,150,100,90,steel,dragon,4,1,
120,680,3,100,1250000,90,Palkia,484,150,120,100,water,dragon,4,1,
90,600,3,106,1250000,91,Heatran,485,130,106,77,fire,steel,4,1,
160,670,3,110,1250000,110,Regigigas,486,80,110,100,normal,,4,1,
100,680,3,120,1250000,150,Giratina,487,100,120,90,ghost,dragon,4,1,
70,580,3,110,1250000,120,Cresselia,488,75,120,85,psychic,,4,1,
80,480,30,80,1250000,80,Phione,489,80,80,80,water,,4,0,
100,600,3,100,1250000,100,Manaphy,490,100,100,100,water,,4,0,
90,600,3,90,1250000,70,Darkrai,491,135,90,125,dark,,4,0,
100,600,45,100,1059860,100,Shaymin,492,100,100,100,grass,,4,0,
120,720,3,120,1250000,120,Arceus,493,120,120,120,normal,,4,0,
100,600,3,100,1250000,100,Victini,494,100,100,100,psychic,fire,5,0,
45,308,45,55,1059860,45,Snivy,495,45,55,63,grass,,5,0,
60,413,45,75,1059860,60,Servine,496,60,75,83,grass,,5,0,
75,528,45,95,1059860,75,Serperior,497,75,95,113,grass,,5,0,
63,308,45,45,1059860,65,Tepig,498,45,45,45,fire,,5,0,
93,418,45,55,1059860,90,Pignite,499,70,55,55,fire,fighting,5,0,
123,528,45,65,1059860,110,Emboar,500,100,65,65,fire,fighting,5,0,
55,308,45,45,1059860,55,Oshawott,501,63,45,45,water,,5,0,
75,413,45,60,1059860,75,Dewott,502,83,60,60,water,,5,0,
100,528,45,85,1059860,95,Samurott,503,108,70,70,water,,5,0,
55,255,255,39,1000000,45,Patrat,504,35,39,42,normal,,5,0,
85,420,255,69,1000000,60,Watchog,505,60,69,77,normal,,5,0,
60,275,255,45,1059860,45,Lillipup,506,25,45,55,normal,,5,0,
80,370,120,65,1059860,65,Herdier,507,35,65,60,normal,,5,0,
110,500,45,90,1059860,85,Stoutland,508,45,90,80,normal,,5,0,
50,281,255,37,1000000,41,Purrloin,509,50,37,66,dark,,5,0,
88,446,90,50,1000000,64,Liepard,510,88,50,106,dark,,5,0,
53,316,190,48,1000000,50,Pansage,511,53,48,64,grass,,5,0,
98,498,75,63,1000000,75,Simisage,512,98,63,101,grass,,5,0,
53,316,190,48,1000000,50,Pansear,513,53,48,64,fire,,5,0,
98,498,75,63,1000000,75,Simisear,514,98,63,101,fire,,5,0,
53,316,190,48,1000000,50,Panpour,515,53,48,64,water,,5,0,
98,498,75,63,1000000,75,Simipour,516,98,63,101,water,,5,0,
25,292,190,45,800000,76,Munna,517,67,55,24,psychic,,5,0,
55,487,75,85,800000,116,Musharna,518,107,95,29,psychic,,5,0,
55,264,255,50,1059860,50,Pidove,519,36,30,43,normal,flying,5,0,
77,358,120,62,1059860,62,Tranquill,520,50,42,65,normal,flying,5,0,
115,488,45,80,1059860,80,Unfezant,521,65,55,93,normal,flying,5,0,
60,295,190,32,1000000,45,Blitzle,522,50,32,76,electric,,5,0,
100,497,75,63,1000000,75,Zebstrika,523,80,63,116,electric,,5,0,
75,280,255,85,1059860,55,Roggenrola,524,25,25,15,rock,,5,0,
105,390,120,105,1059860,70,Boldore,525,50,40,20,rock,,5,0,
135,515,45,130,1059860,85,Gigalith,526,60,80,25,rock,,5,0,
45,323,190,43,1000000,65,Woobat,527,55,43,72,psychic,flying,5,0,
57,425,45,55,1000000,67,Swoobat,528,77,55,114,psychic,flying,5,0,
85,328,120,40,1000000,60,Drilbur,529,30,45,68,ground,,5,0,
135,508,60,60,1000000,110,Excadrill,530,50,65,88,ground,steel,5,0,
60,445,255,86,800000,103,Audino,531,60,86,50,normal,,5,0,
80,305,180,55,1059860,75,Timburr,532,25,35,35,fighting,,5,0,
105,405,90,85,1059860,85,Gurdurr,533,40,50,40,fighting,,5,0,
140,505,45,95,1059860,105,Conkeldurr,534,55,65,45,fighting,,5,0,
50,294,255,40,1059860,50,Tympole,535,50,40,64,water,,5,0,
65,384,120,55,1059860,75,Palpitoad,536,65,55,69,water,ground,5,0,
95,509,45,75,1059860,105,Seismitoad,537,85,75,74,water,ground,5,0,
100,465,45,85,1000000,120,Throh,538,30,85,45,fighting,,5,0,
125,465,45,75,1000000,75,Sawk,539,30,75,85,fighting,,5,0,
53,310,255,70,1059860,45,Sewaddle,540,40,60,42,bug,grass,5,0,
63,380,120,90,1059860,55,Swadloon,541,50,80,42,bug,grass,5,0,
103,500,45,80,1059860,75,Leavanny,542,70,80,92,bug,grass,5,0,
45,260,255,59,1059860,30,Venipede,543,30,39,57,bug,poison,5,0,
55,360,120,99,1059860,40,Whirlipede,544,40,79,47,bug,poison,5,0,
100,485,45,89,1059860,60,Scolipede,545,55,69,112,bug,poison,5,0,
27,280,190,60,1000000,40,Cottonee,546,37,50,66,grass,fairy,5,0,
67,480,75,85,1000000,60,Whimsicott,547,77,75,116,grass,fairy,5,0,
35,280,190,50,1000000,45,Petilil,548,70,50,30,grass,,5,0,
60,480,75,75,1000000,70,Lilligant,549,110,75,90,grass,,5,0,
92,460,25,65,1000000,70,Basculin,550,80,55,98,water,,5,0,
72,292,180,35,1059860,50,Sandile,551,35,35,65,ground,dark,5,0,
82,351,90,45,1059860,60,Krokorok,552,45,45,74,ground,dark,5,0,
117,519,45,80,1059860,95,Krookodile,553,65,70,92,ground,dark,5,0,
90,315,120,45,1059860,70,Darumaka,554,15,45,50,fire,,5,0,
140,480,60,55,1059860,105,Darmanitan,555,30,55,95,fire,,5,0,
86,461,255,67,1000000,75,Maractus,556,106,67,60,grass,,5,0,
65,325,190,85,1000000,50,Dwebble,557,35,35,55,bug,rock,5,0,
105,485,75,125,1000000,70,Crustle,558,65,75,45,bug,rock,5,0,
75,348,180,70,1000000,50,Scraggy,559,35,70,48,dark,fighting,5,0,
90,488,90,115,1000000,65,Scrafty,560,45,115,58,dark,fighting,5,0,
58,490,45,80,1000000,72,Sigilyph,561,103,80,97,psychic,flying,5,0,
30,303,190,85,1000000,38,Yamask,562,55,65,30,ghost,,5,0,
50,483,90,145,1000000,58,Cofagrigus,563,95,105,30,ghost,,5,0,
78,355,45,103,1000000,54,Tirtouga,564,53,45,22,water,rock,5,0,
108,495,45,133,1000000,74,Carracosta,565,83,65,32,water,rock,5,0,
112,401,45,45,1000000,55,Archen,566,74,45,70,rock,flying,5,0,
140,567,45,65,1000000,75,Archeops,567,112,65,110,rock,flying,5,0,
50,329,190,62,1000000,50,Trubbish,568,40,62,65,poison,,5,0,
95,474,60,82,1000000,80,Garbodor,569,60,82,75,poison,,5,0,
65,330,75,40,1059860,40,Zorua,570,80,40,65,dark,,5,0,
105,510,45,60,1059860,60,Zoroark,571,120,60,105,dark,,5,0,
50,300,255,40,800000,55,Minccino,572,40,40,75,normal,,5,0,
95,470,60,60,800000,75,Cinccino,573,65,60,115,normal,,5,0,
30,290,200,50,1059860,45,Gothita,574,55,65,45,psychic,,5,0,
45,390,100,70,1059860,60,Gothorita,575,75,85,55,psychic,,5,0,
55,490,50,95,1059860,70,Gothitelle,576,95,110,65,psychic,,5,0,
30,290,200,40,1059860,45,Solosis,577,105,50,20,psychic,,5,0,
40,370,100,50,1059860,65,Duosion,578,125,60,30,psychic,,5,0,
65,490,50,75,1059860,110,Reuniclus,579,125,85,30,psychic,,5,0,
44,305,190,50,1000000,62,Ducklett,580,44,50,55,water,flying,5,0,
87,473,45,63,1000000,75,Swanna,581,87,63,98,water,flying,5,0,
50,305,255,50,1250000,36,Vanillite,582,65,60,44,ice,,5,0,
65,395,120,65,1250000,51,Vanillish,583,80,75,59,ice,,5,0,
95,535,45,85,1250000,71,Vanilluxe,584,110,95,79,ice,,5,0,
60,335,190,50,1000000,60,Deerling,585,40,50,75,normal,grass,5,0,
100,475,75,70,1000000,80,Sawsbuck,586,60,70,95,normal,grass,5,0,
75,428,200,60,1000000,55,Emolga,587,75,60,103,electric,flying,5,0,
75,315,200,45,1000000,50,Karrablast,588,40,45,60,bug,,5,0,
135,495,75,105,1000000,70,Escavalier,589,60,105,20,bug,steel,5,0,
55,294,190,45,1000000,69,Foongus,590,55,55,15,grass,poison,5,0,
85,464,75,70,1000000,114,Amoonguss,591,85,80,30,grass,poison,5,0,
40,335,190,50,1000000,55,Frillish,592,65,85,40,water,ghost,5,0,
60,480,60,70,1000000,100,Jellicent,593,85,105,60,water,ghost,5,0,
75,470,75,80,800000,165,Alomomola,594,40,45,65,water,,5,0,
47,319,190,50,1000000,50,Joltik,595,57,50,65,bug,electric,5,0,
77,472,75,60,1000000,70,Galvantula,596,97,60,108,bug,electric,5,0,
50,305,255,91,1000000,44,Ferroseed,597,24,86,10,grass,steel,5,0,
94,489,90,131,1000000,74,Ferrothorn,598,54,116,20,grass,steel,5,0,
55,300,130,70,1059860,40,Klink,599,45,60,30,steel,,5,0,
80,440,60,95,1059860,60,Klang,600,70,85,50,steel,,5,0,
100,520,30,115,1059860,60,Klinklang,601,70,85,90,steel,,5,0,
55,275,190,40,1250000,35,Tynamo,602,45,40,60,electric,,5,0,
85,405,60,70,1250000,65,Eelektrik,603,75,70,40,electric,,5,0,
115,515,30,80,1250000,85,Eelektross,604,105,80,50,electric,,5,0,
55,335,255,55,1000000,55,Elgyem,605,85,55,30,psychic,,5,0,
75,485,90,75,1000000,75,Beheeyem,606,125,95,40,psychic,,5,0,
30,275,190,55,1059860,50,Litwick,607,65,55,20,ghost,fire,5,0,
40,370,90,60,1059860,60,Lampent,608,95,60,55,ghost,fire,5,0,
55,520,45,90,1059860,60,Chandelure,609,145,90,80,ghost,fire,5,0,
87,320,75,60,1250000,46,Axew,610,30,40,57,dragon,,5,0,
117,410,60,70,1250000,66,Fraxure,611,40,50,67,dragon,,5,0,
147,540,45,90,1250000,76,Haxorus,612,60,70,97,dragon,,5,0,
70,305,120,40,1000000,55,Cubchoo,613,60,40,40,ice,,5,0,
130,505,60,80,1000000,95,Beartic,614,70,80,50,ice,,5,0,
50,515,25,50,1000000,80,Cryogonal,615,95,135,105,ice,,5,0,
40,305,200,85,1000000,50,Shelmet,616,40,65,25,bug,,5,0,
70,495,75,40,1000000,80,Accelgor,617,100,60,145,bug,,5,0,
66,471,75,84,1000000,109,Stunfisk,618,81,99,32,ground,electric,5,0,
85,350,180,50,1059860,45,Mienfoo,619,55,50,65,fighting,,5,0,
125,510,45,60,1059860,65,Mienshao,620,95,60,105,fighting,,5,0,
120,485,45,90,1000000,77,Druddigon,621,60,90,48,dragon,,5,0,
74,303,190,50,1000000,59,Golett,622,35,50,35,ground,ghost,5,0,
124,483,90,80,1000000,89,Golurk,623,55,80,55,ground,ghost,5,0,
85,340,120,70,1000000,45,Pawniard,624,40,40,60,dark,steel,5,0,
125,490,45,100,1000000,65,Bisharp,625,60,70,70,dark,steel,5,0,
110,490,45,95,1000000,95,Bouffalant,626,40,95,55,normal,,5,0,
83,350,190,50,1250000,70,Rufflet,627,37,50,60,normal,flying,5,0,
123,510,60,75,1250000,100,Braviary,628,57,75,80,normal,flying,5,0,
55,370,190,75,1250000,70,Vullaby,629,45,65,60,dark,flying,5,0,
65,510,60,105,1250000,110,Mandibuzz,630,55,95,80,dark,flying,5,0,
97,484,90,66,1000000,85,Heatmor,631,105,66,65,fire,,5,0,
109,484,90,112,1000000,58,Durant,632,48,48,109,bug,steel,5,0,
65,300,45,50,1250000,52,Deino,633,45,50,38,dark,dragon,5,0,
85,420,45,70,1250000,72,Zweilous,634,65,70,58,dark,dragon,5,0,
105,600,45,90,1250000,92,Hydreigon,635,125,90,98,dark,dragon,5,0,
85,360,45,55,1250000,55,Larvesta,636,50,55,60,bug,fire,5,0,
60,550,15,65,1250000,85,Volcarona,637,135,105,100,bug,fire,5,0,
90,580,3,129,1250000,91,Cobalion,638,90,72,108,steel,fighting,5,1,
129,580,3,90,1250000,91,Terrakion,639,72,90,108,rock,fighting,5,1,
90,580,3,72,1250000,91,Virizion,640,90,129,108,grass,fighting,5,1,
115,580,3,70,1250000,79,Tornadus,641,125,80,111,flying,,5,1,
115,580,3,70,1250000,79,Thundurus,642,125,80,111,electric,flying,5,1,
120,680,3,100,1250000,100,Reshiram,643,150,120,90,dragon,fire,5,1,
150,680,3,120,1250000,100,Zekrom,644,120,100,90,dragon,electric,5,1,
125,600,3,90,1250000,89,Landorus,645,115,80,101,ground,flying,5,1,
130,660,3,90,1250000,125,Kyurem,646,130,90,95,dragon,ice,5,1,
72,580,3,90,1250000,91,Keldeo,647,129,90,108,water,fighting,5,0,
77,600,3,77,1250000,100,Meloetta,648,128,128,90,normal,psychic,5,0,
120,600,3,95,1250000,71,Genesect,649,120,95,99,bug,steel,5,0,
61,313,45,65,1059860,56,Chespin,650,48,45,38,grass,,6,0,
78,405,45,95,1059860,61,Quilladin,651,56,58,57,grass,,6,0,
107,530,45,122,1059860,88,Chesnaught,652,74,75,64,grass,fighting,6,0,
45,307,45,40,1059860,40,Fennekin,653,62,60,60,fire,,6,0,
59,409,45,58,1059860,59,Braixen,654,90,70,73,fire,,6,0,
69,534,45,72,1059860,75,Delphox,655,114,100,104,fire,psychic,6,0,
56,314,45,40,1059860,41,Froakie,656,62,44,71,water,,6,0,
63,405,45,52,1059860,54,Frogadier,657,83,56,97,water,,6,0,
95,530,45,67,1059860,72,Greninja,658,103,71,122,water,dark,6,0,
36,237,255,38,1000000,38,Bunnelby,659,32,36,57,normal,,6,0,
56,423,127,77,1000000,85,Diggersby,660,50,77,78,normal,ground,6,0,
50,278,255,43,1059860,45,Fletchling,661,40,38,62,normal,flying,6,0,
73,382,120,55,1059860,62,Fletchinder,662,56,52,84,fire,flying,6,0,
81,499,45,71,1059860,78,Talonflame,663,74,69,126,fire,flying,6,0,
35,200,255,40,1000000,38,Scatterbug,664,27,25,35,bug,,6,0,
22,213,120,60,1000000,45,Spewpa,665,27,30,29,bug,,6,0,
52,411,45,50,1000000,80,Vivillon,666,90,50,89,bug,flying,6,0,
50,369,220,58,1059860,62,Litleo,667,73,54,72,fire,normal,6,0,
68,507,65,72,1059860,86,Pyroar,668,109,66,106,fire,normal,6,0,
38,303,225,39,1000000,44,Flabébé,669,61,79,42,fairy,,6,0,
45,371,120,47,1000000,54,Floette,670,75,98,52,fairy,,6,0,
65,552,45,68,1000000,78,Florges,671,112,154,75,fairy,,6,0,
65,350,200,48,1000000,66,Skiddo,672,62,57,52,grass,,6,0,
100,531,45,62,1000000,123,Gogoat,673,97,81,68,grass,,6,0,
82,348,220,62,1000000,67,Pancham,674,46,48,43,fighting,,6,0,
124,495,65,78,1000000,95,Pangoro,675,69,71,58,fighting,dark,6,0,
80,472,160,60,1000000,75,Furfrou,676,65,90,102,normal,,6,0,
48,355,190,54,1000000,62,Espurr,677,63,60,68,psychic,,6,0,
48,466,75,76,1000000,74,Meowstic,678,83,81,104,psychic,,6,0,
80,325,180,100,1000000,45,Honedge,679,35,37,28,steel,ghost,6,0,
110,448,90,150,1000000,59,Doublade,680,45,49,35,steel,ghost,6,0,
50,500,45,140,1000000,60,Aegislash,681,50,140,60,steel,ghost,6,0,
52,341,200,60,1000000,78,Spritzee,682,63,65,23,fairy,,6,0,
72,462,140,72,1000000,101,Aromatisse,683,99,89,29,fairy,,6,0,
48,341,200,66,1000000,62,Swirlix,684,59,57,49,fairy,,6,0,
80,480,140,86,1000000,82,Slurpuff,685,85,75,72,fairy,,6,0,
54,288,190,53,1000000,53,Inkay,686,37,46,45,dark,psychic,6,0,
92,482,80,88,1000000,86,Malamar,687,68,75,73,dark,psychic,6,0,
52,306,120,67,1000000,42,Binacle,688,39,56,50,rock,water,6,0,
105,500,45,115,1000000,72,Barbaracle,689,54,86,68,rock,water,6,0,
60,320,225,60,1000000,50,Skrelp,690,60,60,30,poison,water,6,0,
75,494,55,90,1000000,65,Dragalge,691,97,123,44,poison,dragon,6,0,
53,330,225,62,1250000,50,Clauncher,692,58,63,44,water,,6,0,
73,500,55,88,1250000,71,Clawitzer,693,120,89,59,water,,6,0,
38,289,190,33,1000000,44,Helioptile,694,61,43,70,electric,normal,6,0,
55,481,75,52,1000000,62,Heliolisk,695,109,94,109,electric,normal,6,0,
89,362,45,77,1000000,58,Tyrunt,696,45,45,48,rock,dragon,6,0,
121,521,45,119,1000000,82,Tyrantrum,697,69,59,71,rock,dragon,6,0,
59,362,45,50,1000000,77,Amaura,698,67,63,46,rock,ice,6,0,
77,521,45,72,1000000,123,Aurorus,699,99,92,58,rock,ice,6,0,
65,525,45,65,1000000,95,Sylveon,700,110,130,60,fairy,,6,0,
92,500,100,75,1000000,78,Hawlucha,701,74,63,118,fighting,flying,6,0,
58,431,180,57,1000000,67,Dedenne,702,81,67,101,electric,fairy,6,0,
50,500,60,150,1250000,50,Carbink,703,50,150,50,rock,fairy,6,0,
50,300,45,35,1250000,45,Goomy,704,55,75,40,dragon,,6,0,
75,452,45,53,1250000,68,Sliggoo,705,83,113,60,dragon,,6,0,
100,600,45,70,1250000,90,Goodra,706,110,150,80,dragon,,6,0,
80,470,75,91,800000,57,Klefki,707,80,87,75,steel,fairy,6,0,
70,309,120,48,1000000,43,Phantump,708,50,60,38,ghost,grass,6,0,
110,474,60,76,1000000,85,Trevenant,709,65,82,56,ghost,grass,6,0,
66,335,120,70,1000000,49,Pumpkaboo,710,44,55,51,ghost,grass,6,0,
90,494,60,122,1000000,65,Gourgeist,711,58,75,84,ghost,grass,6,0,
69,304,190,85,1000000,55,Bergmite,712,32,35,28,ice,,6,0,
117,514,55,184,1000000,95,Avalugg,713,44,46,28,ice,,6,0,
30,245,190,35,1000000,40,Noibat,714,45,40,55,flying,dragon,6,0,
70,535,45,80,1000000,85,Noivern,715,97,80,123,flying,dragon,6,0,
131,680,45,95,1250000,126,Xerneas,716,131,98,99,fairy,,6,1,
131,680,45,95,1250000,126,Yveltal,717,131,98,99,dark,flying,6,1,
100,600,3,121,1250000,108,Zygarde,718,81,95,95,dragon,ground,6,1,
100,600,3,150,1250000,50,Diancie,719,100,150,50,rock,fairy,6,0,
110,600,3,60,1250000,80,Hoopa,720,150,130,70,psychic,ghost,6,0,
110,600,3,120,1250000,80,Volcanion,721,130,90,70,fire,water,6,0,
55,320,45,55,1059860,68,Rowlet,722,50,50,42,grass,flying,7,0,
75,420,45,75,1059860,78,Dartrix,723,70,70,52,grass,flying,7,0,
107,530,45,75,1059860,78,Decidueye,724,100,100,70,grass,ghost,7,0,
65,320,45,40,1059860,45,Litten,725,60,40,70,fire,,7,0,
85,420,45,50,1059860,65,Torracat,726,80,50,90,fire,,7,0,
115,530,45,90,1059860,95,Incineroar,727,80,90,60,fire,dark,7,0,
54,320,45,54,1059860,50,Popplio,728,66,56,40,water,,7,0,
69,420,45,69,1059860,60,Brionne,729,91,81,50,water,,7,0,
74,530,45,74,1059860,80,Primarina,730,126,116,60,water,fairy,7,0,
75,265,255,30,1000000,35,Pikipek,731,30,30,65,normal,flying,7,0,
85,355,120,50,1000000,55,Trumbeak,732,40,50,75,normal,flying,7,0,
120,485,45,75,1000000,80,Toucannon,733,75,75,60,normal,flying,7,0,
70,253,255,30,1000000,48,Yungoos,734,30,30,45,normal,,7,0,
110,418,127,60,1000000,88,Gumshoos,735,55,60,45,normal,,7,0,
62,300,255,45,1000000,47,Grubbin,736,55,45,46,bug,,7,0,
82,400,120,95,1000000,57,Charjabug,737,55,75,36,bug,electric,7,0,
70,500,45,90,1000000,77,Vikavolt,738,145,75,43,bug,electric,7,0,
82,338,225,57,1000000,47,Crabrawler,739,42,47,63,fighting,,7,0,
132,478,60,77,1000000,97,Crabominable,740,62,67,43,fighting,ice,7,0,
70,476,45,70,1000000,75,Oricorio,741,98,70,93,fire,flying,7,0,
45,304,190,40,1000000,40,Cutiefly,742,55,40,84,bug,fairy,7,0,
55,464,75,60,1000000,60,Ribombee,743,95,70,124,bug,fairy,7,0,
65,280,190,40,1000000,45,Rockruff,744,30,40,60,rock,,7,0,
115,487,90,65,1000000,75,Lycanroc,745,55,65,112,rock,,7,0,
20,175,60,20,800000,45,Wishiwashi,746,25,25,40,water,,7,0,
53,305,190,62,1000000,50,Mareanie,747,43,52,45,poison,water,7,0,
63,495,75,152,1000000,50,Toxapex,748,53,142,35,poison,water,7,0,
100,385,190,70,1000000,70,Mudbray,749,45,55,45,ground,,7,0,
125,500,60,100,1000000,100,Mudsdale,750,55,85,35,ground,,7,0,
40,269,200,52,1000000,38,Dewpider,751,40,72,27,water,bug,7,0,
70,454,100,92,1000000,68,Araquanid,752,50,132,42,water,bug,7,0,
55,250,190,35,1000000,40,Fomantis,753,50,35,35,grass,,7,0,
105,480,75,90,1000000,70,Lurantis,754,80,90,45,grass,,7,0,
35,285,190,55,1000000,40,Morelull,755,65,75,15,grass,fairy,7,0,
45,405,75,80,1000000,60,Shiinotic,756,90,100,30,grass,fairy,7,0,
44,320,120,40,1000000,48,Salandit,757,71,40,77,poison,fire,7,0,
64,480,45,60,1000000,68,Salazzle,758,111,60,117,poison,fire,7,0,
75,340,140,50,1000000,70,Stufful,759,45,50,50,normal,fighting,7,0,
125,500,70,80,1000000,120,Bewear,760,55,60,60,normal,fighting,7,0,
30,210,235,38,1059860,42,Bounsweet,761,30,38,32,grass,,7,0,
40,290,120,48,1059860,52,Steenee,762,40,48,62,grass,,7,0,
120,510,45,98,1059860,72,Tsareena,763,50,98,72,grass,,7,0,
52,485,60,90,800000,51,Comfey,764,82,110,100,fairy,,7,0,
60,490,45,80,1250000,90,Oranguru,765,90,110,60,normal,psychic,7,0,
120,490,45,90,1250000,100,Passimian,766,40,60,80,fighting,,7,0,
35,230,90,40,1000000,25,Wimpod,767,20,30,80,bug,water,7,0,
125,530,45,140,1000000,75,Golisopod,768,60,90,40,bug,water,7,0,
55,320,140,80,1000000,55,Sandygast,769,70,45,15,ghost,ground,7,0,
75,480,60,110,1000000,85,Palossand,770,100,75,35,ghost,ground,7,0,
60,410,60,130,800000,55,Pyukumuku,771,30,130,5,water,,7,0,
95,534,3,95,1250000,95,Type: Null,772,95,95,59,normal,,7,1,
95,570,3,95,1250000,95,Silvally,773,95,95,95,normal,,7,1,
115,480,45,65,1250000,65,Komala,775,75,95,65,normal,,7,0,
78,485,70,135,1000000,60,Turtonator,776,91,85,36,fire,dragon,7,0,
98,435,180,63,1000000,65,Togedemaru,777,40,73,96,electric,steel,7,0,
90,476,45,80,1000000,55,Mimikyu,778,50,105,96,ghost,fairy,7,0,
105,475,80,70,1000000,68,Bruxish,779,70,70,92,water,psychic,7,0,
60,485,70,85,1000000,78,Drampa,780,135,91,36,normal,dragon,7,0,
131,517,25,100,1000000,70,Dhelmise,781,86,90,40,ghost,grass,7,0,
55,300,45,65,1250000,45,Jangmo-o,782,45,45,45,dragon,,7,0,
75,420,45,90,1250000,55,Hakamo-o,783,65,70,65,dragon,fighting,7,0,
110,600,45,125,1250000,75,Kommo-o,784,100,105,85,dragon,fighting,7,0,
115,570,3,85,1250000,70,Tapu Koko,785,95,75,130,electric,fairy,7,1,
85,570,3,75,1250000,70,Tapu Lele,786,130,115,95,psychic,fairy,7,1,
130,570,3,115,1250000,70,Tapu Bulu,787,85,95,75,grass,fairy,7,1,
75,570,3,115,1250000,70,Tapu Fini,788,95,130,85,water,fairy,7,1,
29,200,45,31,1250000,43,Cosmog,789,29,31,37,psychic,,7,1,
29,400,45,131,1250000,43,Cosmoem,790,29,131,37,psychic,,7,1,
137,680,45,107,1250000,137,Solgaleo,791,113,89,97,psychic,steel,7,1,
113,680,45,89,1250000,137,Lunala,792,137,107,97,psychic,ghost,7,1,
53,570,45,47,1250000,109,Nihilego,793,127,131,103,rock,poison,7,0,
139,570,45,139,1250000,107,Buzzwole,794,53,53,79,bug,fighting,7,0,
137,570,45,37,1250000,71,Pheromosa,795,137,37,151,bug,fighting,7,0,
89,570,45,71,1250000,83,Xurkitree,796,173,71,83,electric,,7,0,
101,570,45,103,1250000,97,Celesteela,797,107,101,61,steel,flying,7,0,
181,570,45,131,1250000,59,Kartana,798,59,31,109,grass,steel,7,0,
101,570,45,53,1250000,223,Guzzlord,799,97,53,43,dark,dragon,7,0,
107,600,255,101,1250000,97,Necrozma,800,127,89,79,psychic,,7,1,
95,600,3,115,1250000,80,Magearna,801,130,115,65,steel,fairy,7,0,
60,440,30,100,1059860,60,Minior,774,60,100,60,rock,flying,7,0,
100,500,255,60,1059860,60,Minior,774,100,60,120,rock,flying,7,0,core
100,625,45,123,1059860,80,Venusaur,3,122,120,80,grass,poison,1,0,Mega
82,525,45,83,1059860,80,Venusaur,3,100,100,80,grass,poison,1,0,Gmax
130,634,45,111,1059860,78,Charizard,6,130,85,100,fire,dragon,1,0,Mega-x
104,634,45,78,1059860,78,Charizard,6,159,115,100,fire,flying,1,0,Mega-y
84,534,45,78,1059860,78,Charizard,6,109,85,100,fire,flying,1,0,Gmax
103,630,45,120,1059860,79,Blastoise,9,135,115,78,water,,1,0,Mega
83,530,45,100,1059860,79,Blastoise,9,85,105,78,water,,1,0,Gmax
45,395,45,50,1000000,60,Butterfree,12,90,80,70,bug,flying,1,0,Gmax
150,495,45,40,1000000,65,Beedrill,15,15,80,145,bug,poison,1,0,Mega
80,579,45,80,1059860,83,Pidgeot,18,135,80,121,normal,flying,1,0,Mega
56,253,255,35,1000000,30,Rattata,19,25,35,72,dark,normal,1,0,Alola
71,413,127,70,1000000,75,Raticate,20,40,80,77,dark,normal,1,0,Alola
71,413,127,70,1000000,75,Raticate,20,40,80,77,dark,normal,1,0,Totem-alola
55,320,190,40,1000000,35,Pikachu,25,50,50,90,electric,,1,0,Rock-star
55,320,190,40,1000000,35,Pikachu,25,50,50,90,electric,,1,0,Belle
55,320,190,40,1000000,35,Pikachu,25,50,50,90,electric,,1,0,Pop-star
55,320,190,40,1000000,35,Pikachu,25,50,50,90,electric,,1,0,Phd
55,320,190,40,1000000,35,Pikachu,25,50,50,90,electric,,1,0,Libre
55,320,190,40,1000000,35,Pikachu,25,50,50,90,electric,,1,0,Cosplay
55,320,190,40,1000000,35,Pikachu,25,50,50,90,electric,,1,0,Original-cap
55,320,190,40,1000000,35,Pikachu,25,50,50,90,electric,,1,0,Hoenn-cap
55,320,190,40,1000000,35,Pikachu,25,50,50,90,electric,,1,0,Sinnoh-cap
55,320,190,40,1000000,35,Pikachu,25,50,50,90,electric,,1,0,Unova-cap
55,320,190,40,1000000,35,Pikachu,25,50,50,90,electric,,1,0,Kalos-cap
55,320,190,40,1000000,35,Pikachu,25,50,50,90,electric,,1,0,Alola-cap
55,320,190,40,1000000,35,Pikachu,25,50,50,90,electric,,1,0,Partner-cap
80,430,190,50,1000000,45,Pikachu,25,75,60,120,electric,,1,0,Starter
55,320,190,40,1000000,35,Pikachu,25,50,50,90,electric,,1,0,World-cap
55,320,190,40,1000000,35,Pikachu,25,50,50,90,electric,,1,0,Gmax
85,485,75,50,1000000,60,Raichu,26,95,85,110,electric,psychic,1,0,Alola
75,300,255,90,1000000,50,Sandshrew,27,10,35,40,ice,steel,1,0,Alola
100,450,90,120,1000000,75,Sandslash,28,25,65,65,ice,steel,1,0,Alola
80,583,25,93,800000,95,Clefable,36,135,110,70,fairy,flying,1,0,Mega
41,299,190,40,1000000,38,Vulpix,37,50,65,65,ice,,1,0,Alola
67,505,75,75,1000000,73,Ninetales,38,81,100,109,ice,fairy,1,0,Alola
55,265,255,30,1000000,10,Diglett,50,35,45,90,ground,steel,1,0,Alola
100,425,50,60,1000000,35,Dugtrio,51,50,70,110,ground,steel,1,0,Alola
35,290,255,35,1000000,40,Meowth,52,50,40,90,dark,,1,0,Alola
65,290,255,55,1000000,50,Meowth,52,40,40,40,steel,,1,0,Galar
45,290,255,35,1000000,40,Meowth,52,40,40,90,normal,,1,0,Gmax
60,440,90,60,1000000,65,Persian,53,75,65,115,dark,,1,0,Alola
75,350,190,45,1250000,60,Growlithe,58,65,50,55,fire,rock,1,0,Hisui
115,555,75,80,1250000,95,Arcanine,59,95,80,90,fire,rock,1,0,Hisui
50,600,50,65,1059860,55,Alakazam,65,175,105,150,psychic,,1,0,Mega
130,505,45,80,1059860,90,Machamp,68,65,85,55,fighting,,1,0,Gmax
125,590,45,85,1059860,80,Victreebel,71,135,95,70,grass,poison,1,0,Mega
80,300,255,100,1059860,40,Geodude,74,30,30,20,rock,electric,1,0,Alola
95,390,120,115,1059860,55,Graveler,75,45,45,35,rock,electric,1,0,Alola
120,495,45,130,1059860,80,Golem,76,55,65,45,rock,electric,1,0,Alola
85,410,190,55,1000000,50,Ponyta,77,65,65,90,psychic,,1,0,Galar
100,500,60,70,1000000,65,Rapidash,78,80,80,105,psychic,fairy,1,0,Galar
65,315,190,65,1000000,90,Slowpoke,79,40,40,15,psychic,,1,0,Galar
75,590,75,180,1000000,95,Slowbro,80,130,80,30,water,psychic,1,0,Mega
100,490,75,95,1000000,95,Slowbro,80,100,70,30,poison,psychic,1,0,Galar
95,377,45,55,1000000,52,Farfetch'd,83,58,62,55,fighting,,1,0,Galar
80,325,190,50,1000000,80,Grimer,88,40,50,25,poison,dark,1,0,Alola
105,500,75,75,1000000,105,Muk,89,65,100,50,poison,dark,1,0,Alola
65,600,45,80,1059860,60,Gengar,94,170,95,130,ghost,poison,1,0,Mega
65,500,45,60,1059860,60,Gengar,94,130,75,110,ghost,poison,1,0,Gmax
130,475,60,115,1000000,55,Kingler,99,50,50,75,water,,1,0,Gmax
30,330,190,50,1000000,40,Voltorb,100,55,55,100,electric,grass,1,0,Hisui
50,490,60,70,1000000,60,Electrode,101,80,80,150,electric,grass,1,0,Hisui
105,530,45,85,1250000,95,Exeggutor,103,125,75,45,grass,dragon,1,0,Alola
80,425,75,110,1000000,60,Marowak,105,50,80,45,fire,ghost,1,0,Alola
80,425,75,110,1000000,60,Marowak,105,50,80,45,fire,ghost,1,0,Totem
90,490,60,120,1000000,65,Weezing,110,85,70,60,poison,fairy,1,0,Galar
125,590,45,100,1000000,105,Kangaskhan,115,60,100,100,normal,,1,0,Mega
140,660,60,105,1250000,60,Starmie,121,130,105,120,water,psychic,1,0,Mega
65,460,45,65,1000000,50,Mr. Mime,122,90,90,100,ice,psychic,1,0,Galar
155,600,45,120,1250000,65,Pinsir,127,65,90,105,bug,flying,1,0,Mega
110,490,45,105,1250000,75,Tauros,128,30,70,100,fighting,,1,0,Paldea-combat-breed
110,490,45,105,1250000,75,Tauros,128,30,70,100,fighting,fire,1,0,Paldea-blaze-breed
110,490,45,105,1250000,75,Tauros,128,30,70,100,fighting,water,1,0,Paldea-aqua-breed
155,640,45,109,1250000,95,Gyarados,130,70,130,81,water,dark,1,0,Mega
85,535,45,80,1250000,130,Lapras,131,85,95,60,water,ice,1,0,Gmax
75,435,45,70,1000000,65,Eevee,133,65,85,75,normal,,1,0,Starter
55,325,45,50,1000000,55,Eevee,133,45,65,55,normal,,1,0,Gmax
135,615,45,85,1250000,80,Aerodactyl,142,70,95,150,rock,flying,1,0,Mega
110,540,25,65,1250000,160,Snorlax,143,65,110,30,normal,,1,0,Gmax
85,580,3,85,1250000,90,Articuno,144,125,100,95,psychic,flying,1,1,Galar
125,580,3,90,1250000,90,Zapdos,145,85,90,100,fighting,flying,1,1,Galar
85,580,3,90,1250000,90,Moltres,146,100,125,90,dark,flying,1,1,Galar
124,700,45,115,1250000,91,Dragonite,149,145,125,100,dragon,flying,1,0,Mega
190,780,3,100,1250000,106,Mewtwo,150,154,100,130,psychic,fighting,1,1,Mega-x
150,780,3,70,1250000,106,Mewtwo,150,194,120,140,psychic,,1,1,Mega-y
92,625,45,115,1059860,80,Meganium,154,143,115,80,grass,fairy,2,0,Mega
84,534,45,78,1059860,73,Typhlosion,157,119,85,95,fire,ghost,2,0,Hisui
160,630,45,125,1059860,85,Feraligatr,160,89,93,78,water,dragon,2,0,Mega
95,610,45,105,1059860,90,Ampharos,181,165,110,45,electric,dragon,2,0,Mega
45,210,255,45,1000000,55,Wooper,194,25,25,15,poison,ground,2,0,Paldea
65,490,70,80,1000000,95,Slowking,199,110,110,30,poison,psychic,2,0,Galar
125,610,25,230,1000000,75,Steelix,208,55,95,30,steel,ground,2,0,Mega
95,440,45,85,1000000,65,Qwilfish,211,55,55,85,dark,poison,2,0,Hisui
150,600,25,140,1000000,70,Scizor,212,65,100,75,bug,steel,2,0,Mega
185,600,45,115,1250000,80,Heracross,214,40,105,75,bug,fighting,2,0,Mega
95,430,60,55,1059860,55,Sneasel,215,35,75,115,fighting,poison,2,0,Hisui
55,410,60,100,800000,60,Corsola,222,65,100,30,ghost,,2,0,Galar
140,565,25,110,1250000,65,Skarmory,227,40,100,110,steel,flying,2,0,Mega
90,600,45,90,1250000,75,Houndoom,229,140,90,115,dark,fire,2,0,Mega
164,700,45,150,1250000,100,Tyranitar,248,95,120,71,rock,dark,2,0,Mega
110,630,45,75,1059860,70,Sceptile,254,145,85,145,grass,dragon,3,0,Mega
160,630,45,80,1059860,80,Blaziken,257,130,80,100,fire,fighting,3,0,Mega
150,635,45,110,1059860,100,Swampert,260,95,110,70,water,ground,3,0,Mega
30,240,255,41,1000000,38,Zigzagoon,263,30,41,60,dark,normal,3,0,Galar
70,420,90,61,1000000,78,Linoone,264,50,61,100,dark,normal,3,0,Galar
85,618,45,65,1250000,68,Gardevoir,282,165,135,100,psychic,fairy,3,0,Mega
85,480,45,125,1059860,50,Sableye,302,85,115,20,dark,ghost,3,0,Mega
105,480,45,125,800000,50,Mawile,303,55,95,50,steel,fairy,3,0,Mega
140,630,45,230,1250000,70,Aggron,306,60,80,50,steel,,3,0,Mega
100,510,90,85,1000000,60,Medicham,308,80,85,100,fighting,psychic,3,0,Mega
75,575,45,80,1250000,70,Manectric,310,135,80,135,electric,,3,0,Mega
140,560,60,70,1250000,70,Sharpedo,319,110,65,105,water,dark,3,0,Mega
120,560,150,100,1000000,70,Camerupt,323,145,105,20,fire,ground,3,0,Mega
110,590,45,110,600000,75,Altaria,334,110,105,80,dragon,fairy,3,0,Mega
70,420,45,70,1000000,70,Castform,351,70,70,70,fire,,3,0,Sunny
70,420,45,70,1000000,70,Castform,351,70,70,70,water,,3,0,Rainy
70,420,45,70,1000000,70,Castform,351,70,70,70,ice,,3,0,Snowy
165,555,45,75,800000,64,Banette,354,93,83,75,ghost,,3,0,Mega
150,565,30,60,1059860,65,Absol,359,115,60,115,dark,,3,0,Mega
120,580,75,80,1000000,80,Glalie,362,120,80,100,ice,,3,0,Mega
145,700,45,130,1250000,95,Salamence,373,120,90,120,dragon,flying,3,0,Mega
145,700,3,150,1250000,80,Metagross,376,105,110,110,steel,psychic,3,0,Mega
100,700,3,120,1250000,80,Latias,380,140,150,110,dragon,psychic,3,1,Mega
130,700,3,100,1250000,80,Latios,381,160,120,110,dragon,psychic,3,1,Mega
150,770,3,90,1250000,100,Kyogre,382,180,160,90,water,,3,1,Primal
180,770,3,160,1250000,100,Groudon,383,150,90,90,ground,fire,3,1,Primal
180,780,45,100,1250000,105,Rayquaza,384,180,100,115,dragon,flying,3,1,Mega
180,600,3,20,1250000,50,Deoxys,386,180,20,150,psychic,,3,0,Attack
70,600,3,160,1250000,50,Deoxys,386,70,160,90,psychic,,3,0,Defense
95,600,3,90,1250000,50,Deoxys,386,95,90,180,psychic,,3,0,Speed
79,424,45,105,1000000,60,Wormadam,413,59,85,36,bug,ground,4,0,Sandy
69,424,45,95,1000000,60,Wormadam,413,69,95,36,bug,steel,4,0,Trash
136,580,60,94,1000000,65,Lopunny,428,54,96,135,normal,fighting,4,0,Mega
170,700,45,115,1250000,108,Garchomp,445,120,95,92,dragon,ground,4,0,Mega
145,625,45,88,1059860,70,Lucario,448,140,70,112,fighting,steel,4,0,Mega
132,594,60,105,1250000,90,Abomasnow,460,132,105,30,grass,ice,4,0,Mega
165,618,45,95,1250000,68,Gallade,475,65,115,110,psychic,fighting,4,0,Mega
80,580,75,70,1000000,70,Froslass,478,140,100,120,ice,ghost,4,0,Mega
65,520,45,107,1000000,50,Rotom,479,105,107,86,electric,fire,4,0,Heat
65,520,45,107,1000000,50,Rotom,479,105,107,86,electric,water,4,0,Wash
65,520,45,107,1000000,50,Rotom,479,105,107,86,electric,ice,4,0,Frost
65,520,45,107,1000000,50,Rotom,479,105,107,86,electric,flying,4,0,Fan
65,520,45,107,1000000,50,Rotom,479,105,107,86,electric,grass,4,0,Mow
100,680,3,120,1250000,100,Dialga,483,150,120,90,steel,dragon,4,1,Origin
100,680,3,100,1250000,90,Palkia,484,150,120,120,water,dragon,4,1,Origin
120,680,3,100,1250000,150,Giratina,487,120,100,90,ghost,dragon,4,1,Origin
103,600,45,75,1059860,100,Shaymin,492,120,75,127,grass,flying,4,0,Sky
148,628,45,75,1059860,110,Emboar,500,110,110,75,fire,fighting,5,0,Mega
108,528,45,80,1059860,90,Samurott,503,100,65,85,water,dark,5,0,Hisui
165,608,60,100,1000000,110,Excadrill,530,65,65,103,ground,steel,5,0,Mega
60,545,255,126,800000,103,Audino,531,80,126,50,normal,fairy,5,0,Mega
140,585,45,149,1059860,60,Scolipede,545,75,99,62,bug,poison,5,0,Mega
105,480,75,75,1000000,70,Lilligant,549,50,75,105,grass,fighting,5,0,Hisui
92,460,25,65,1000000,70,Basculin,550,80,55,98,water,,5,0,Blue-striped
92,460,25,65,1000000,70,Basculin,550,80,55,98,water,,5,0,White-striped
90,315,120,45,1059860,70,Darumaka,554,15,45,50,ice,,5,0,Galar
30,540,60,105,1059860,105,Darmanitan,555,140,105,55,fire,psychic,5,0,Zen
140,480,60,55,1059860,105,Darmanitan,555,30,55,95,ice,,5,0,Galar-standard
160,540,60,55,1059860,105,Darmanitan,555,30,55,135,ice,fire,5,0,Galar-zen
130,588,90,135,1000000,65,Scrafty,560,55,135,68,dark,fighting,5,0,Mega
55,303,190,85,1000000,38,Yamask,562,30,65,30,ground,ghost,5,0,Galar
95,474,60,82,1000000,80,Garbodor,569,60,82,75,poison,,5,0,Gmax
60,330,75,40,1059860,35,Zorua,570,85,40,70,normal,ghost,5,0,Hisui
100,510,45,60,1059860,55,Zoroark,571,125,60,110,normal,ghost,5,0,Hisui
145,615,30,80,1250000,85,Eelektross,604,135,90,80,electric,,5,0,Mega
75,620,45,110,1059860,60,Chandelure,609,175,110,90,ghost,fire,5,0,Mega
81,471,75,99,1000000,109,Stunfisk,618,66,84,32,ground,steel,5,0,Galar
83,510,60,70,1250000,110,Braviary,628,112,70,65,psychic,flying,5,0,Hisui
100,580,3,80,1250000,79,Tornadus,641,110,90,121,flying,,5,1,Therian
105,580,3,70,1250000,79,Thundurus,642,145,80,101,electric,flying,5,1,Therian
145,600,3,90,1250000,89,Landorus,645,105,80,91,ground,flying,5,1,Therian
170,700,3,100,1250000,125,Kyurem,646,120,90,95,dragon,ice,5,1,Black
120,700,3,90,1250000,125,Kyurem,646,170,100,95,dragon,ice,5,1,White
72,580,3,90,1250000,91,Keldeo,647,129,90,108,water,fighting,5,0,Resolute
128,600,3,90,1250000,100,Meloetta,648,77,77,128,normal,fighting,5,0,Pirouette
137,630,45,172,1059860,88,Chesnaught,652,74,115,44,grass,fighting,6,0,Mega
69,634,45,72,1059860,75,Delphox,655,159,125,134,fire,psychic,6,0,Mega
95,530,45,67,1059860,72,Greninja,658,103,71,122,water,dark,6,0,Battle-bond
145,640,45,67,1059860,72,Greninja,658,153,71,132,water,dark,6,0,Ash
125,630,45,77,1059860,72,Greninja,658,133,81,142,water,dark,6,0,Mega
88,607,65,92,1059860,86,Pyroar,668,129,86,126,fire,normal,6,0,Mega
65,551,120,67,1000000,74,Floette,670,125,128,92,fairy,,6,0,Eternal
85,651,120,87,1000000,74,Floette,670,155,148,102,fairy,,6,0,Mega
48,466,75,76,1000000,74,Meowstic,678,83,81,104,psychic,,6,0,Female
140,500,45,50,1000000,60,Aegislash,681,140,50,60,steel,ghost,6,0,Blade
102,582,80,88,1000000,86,Malamar,687,98,120,88,dark,psychic,6,0,Mega
140,600,45,130,1000000,72,Barbaracle,689,64,106,88,rock,fighting,6,0,Mega
85,594,55,105,1000000,65,Dragalge,691,132,163,44,poison,dragon,6,0,Mega
137,600,100,100,1000000,78,Hawlucha,701,74,93,118,fighting,flying,6,0,Mega
75,452,45,83,1250000,58,Sliggoo,705,83,113,40,steel,dragon,6,0,Hisui
100,600,45,100,1250000,80,Goodra,706,110,150,60,steel,dragon,6,0,Hisui
66,335,120,70,1000000,44,Pumpkaboo,710,44,55,56,ghost,grass,6,0,Small
66,335,120,70,1000000,54,Pumpkaboo,710,44,55,46,ghost,grass,6,0,Large
66,335,120,70,1000000,59,Pumpkaboo,710,44,55,41,ghost,grass,6,0,Super
85,494,60,122,1000000,55,Gourgeist,711,58,75,99,ghost,grass,6,0,Small
95,494,60,122,1000000,75,Gourgeist,711,58,75,69,ghost,grass,6,0,Large
100,494,60,122,1000000,85,Gourgeist,711,58,75,54,ghost,grass,6,0,Super
127,514,55,184,1000000,95,Avalugg,713,34,36,38,ice,rock,6,0,Hisui
100,486,3,71,1250000,54,Zygarde,718,61,85,115,dragon,ground,6,1,10-power-construct
100,600,3,121,1250000,108,Zygarde,718,81,95,95,dragon,ground,6,1,50-power-construct
100,708,3,121,1250000,216,Zygarde,718,91,95,85,dragon,ground,6,1,Complete
100,486,3,71,1250000,54,Zygarde,718,61,85,115,dragon,ground,6,1,10
70,778,3,91,1250000,216,Zygarde,718,216,85,100,dragon,ground,6,1,Mega
160,700,3,110,1250000,50,Diancie,719,160,110,110,rock,fairy,6,0,Mega
160,680,3,60,1250000,80,Hoopa,720,170,130,80,psychic,dark,6,0,Unbound
112,530,45,80,1059860,88,Decidueye,724,95,95,60,grass,fighting,7,0,Hisui
110,418,127,60,1000000,88,Gumshoos,735,55,60,45,normal,,7,0,Totem
70,500,45,90,1000000,77,Vikavolt,738,145,75,43,bug,electric,7,0,Totem
70,476,45,70,1000000,75,Oricorio,741,98,70,93,electric,flying,7,0,Pom-pom
70,476,45,70,1000000,75,Oricorio,741,98,70,93,psychic,flying,7,0,Pau
70,476,45,70,1000000,75,Oricorio,741,98,70,93,ghost,flying,7,0,Sensu
55,464,75,60,1000000,60,Ribombee,743,95,70,124,bug,fairy,7,0,Totem
65,280,190,40,1000000,45,Rockruff,744,30,40,60,rock,,7,0,Own-tempo
115,487,90,75,1000000,85,Lycanroc,745,55,75,82,rock,,7,0,Midnight
117,487,90,65,1000000,75,Lycanroc,745,55,65,110,rock,,7,0,Dusk
140,620,60,130,800000,45,Wishiwashi,746,140,135,30,water,,7,0,School
70,454,100,92,1000000,68,Araquanid,752,50,132,42,water,bug,7,0,Totem
105,480,75,90,1000000,70,Lurantis,754,80,90,45,grass,,7,0,Totem
64,480,45,60,1000000,68,Salazzle,758,111,60,117,poison,fire,7,0,Totem
98,435,180,63,1000000,65,Togedemaru,777,40,73,96,electric,steel,7,0,Totem
90,476,45,80,1000000,55,Mimikyu,778,50,105,96,ghost,fairy,7,0,Busted
90,476,45,80,1000000,55,Mimikyu,778,50,105,96,ghost,fairy,7,0,Totem-disguised
90,476,45,80,1000000,55,Mimikyu,778,50,105,96,ghost,fairy,7,0,Totem-busted
85,585,70,110,1000000,78,Drampa,780,160,116,36,normal,dragon,7,0,Mega
110,600,45,125,1250000,75,Kommo-o,784,100,105,85,dragon,fighting,7,0,Totem
157,680,255,127,1250000,97,Necrozma,800,113,109,77,psychic,steel,7,1,Dusk
113,680,255,109,1250000,97,Necrozma,800,157,127,77,psychic,ghost,7,1,Dawn
167,754,255,97,1250000,97,Necrozma,800,167,97,129,psychic,dragon,7,1,Ultra
95,600,3,115,1250000,80,Magearna,801,130,115,65,steel,fairy,7,0,Original
60,440,30,100,1059860,60,Minior,774,60,100,60,rock,flying,7,0,Orange-meteor
60,440,30,100,1059860,60,Minior,774,60,100,60,rock,flying,7,0,Yellow-meteor
60,440,30,100,1059860,60,Minior,774,60,100,60,rock,flying,7,0,Green-meteor
60,440,30,100,1059860,60,Minior,774,60,100,60,rock,flying,7,0,Blue-meteor
60,440,30,100,1059860,60,Minior,774,60,100,60,rock,flying,7,0,Indigo-meteor
60,440,30,100,1059860,60,Minior,774,60,100,60,rock,flying,7,0,Violet-meteor
100,500,30,60,1059860,60,Minior,774,100,60,120,rock,flying,7,0,Red
100,500,30,60,1059860,60,Minior,774,100,60,120,rock,flying,7,0,Orange
100,500,30,60,1059860,60,Minior,774,100,60,120,rock,flying,7,0,Yellow
100,500,30,60,1059860,60,Minior,774,100,60,120,rock,flying,7,0,Green
100,500,30,60,1059860,60,Minior,774,100,60,120,rock,flying,7,0,Blue
100,500,30,60,1059860,60,Minior,774,100,60,120,rock,flying,7,0,Indigo
100,500,30,60,1059860,60,Minior,774,100,60,120,rock,flying,7,0,Violet
